Ticker,TrailingPE,ForwardPE,actualRatio
MMM,29.735521,16.290472,0.547845521186597
AOS,15.554667,13.956415,0.8972493593080456
ABT,24.277311,14.292664,0.588725168120967
ACN,14.496314,11.873927,0.8190997380437538
ADBE,14.014569,9.114296,0.6503443666373186
AES,7.640625,6.141185,0.8037542740286299
AFL,13.350857,15.363593,1.1507570637600268
A,25.403973,17.53349,0.6901869246987469
APD,30.516335,20.331867,0.6662617578421524
ABNB,32.76049,21.949007,0.6699840875395943
ALLE,17.979507,13.788616,0.7669073462359117
LNT,23.169811,19.992239,0.8628572326291312
ALL,4.708407,8.118492,1.724254509009098
GOOGL,29.685495,26.866783,0.9050474987868655
GOOG,29.309977,26.587667,0.9071200226462136
MO,15.108561,12.334211,0.8163723203023769
AMZN,31.507126,26.907345,0.8540082329311788
AEE,19.969425,19.127207,0.9578246243945431
AEP,19.363903,19.088531,0.9857791066191562
AXP,19.383656,15.439718,0.7965328109413415
AIG,13.589789,8.678787,0.6386255886680802
AMT,29.830647,26.780596,0.8977544469618778
AWK,21.998222,18.865969,0.8576133562066971
AMP,11.35344,9.561138,0.8421357755887201
AME,34.65861,26.039171,0.7513045387567475
AMGN,23.345379,14.309263,0.6129377038599373
APH,39.988537,24.799158,0.6201566713981058
AON,17.52415,14.906427,0.8506219702524802
APA,8.741259,8.880364,1.015913611528957
AAPL,37.373333,32.091232,0.8586665791889633
AMAT,42.79304,28.209322,0.6592035059906939
APP,44.67767,23.45307,0.5249394160438537
ACGL,7.336154,9.631884,1.3129337252189635
ANET,54.298965,35.511612,0.6540016370477779
AIZ,13.115267,11.394028,0.868760658856583
T,8.230264,9.799544,1.1906718909624283
ATO,21.85978,19.903015,0.9104856041552111
ADP,20.368471,17.90717,0.8791612291369343
AZO,21.720102,17.736324,0.8165856679678576
AVB,22.907179,37.992275,1.6585313713225012
AVY,17.995495,14.311187,0.795264981596783
BKR,21.319489,23.979275,1.124758431123748
BALL,16.48688,12.510951,0.7588428495870656
BAC,12.952853,10.337739,0.7981051742037063
BBY,12.543652,9.033584,0.720171764969245
BIIB,20.76129,11.635594,0.560446581113216
BLK,27.138538,17.76562,0.6546270104896585
BX,30.28718,15.67597,0.5175777342096557
BNY,17.5,14.592385,0.8338505714285714
BA,86.1811,52.350513,0.6074477234567672
BKNG,21.515152,13.272053,0.6168700551127875
BSX,24.117153,15.316263,0.6350775732110668
BMY,16.254902,9.40444,0.5785602398587206
BR,15.716577,14.121145,0.8984873105638715
BRO,18.563519,11.715057,0.6310795383138295
BXP,30.457287,28.519802,0.9363868160680233
CHRW,35.941418,24.240566,0.6744465674670933
CPT,30.094973,88.0754,2.926581791583598
CPB,10.940217,9.348789,0.8545341468089709
CAH,30.637613,16.728935,0.5460260562727259
CCL,11.76652,10.273353,0.8731003729224954
CVNA,40.549133,33.219364,0.8192373434963456
CASY,46.491096,40.06641,0.8618082481858461
CAT,45.291626,30.475042,0.6728626170321198
CBOE,30.246586,24.60851,0.813596284883193
CDW,13.226552,9.490988,0.7175708378116987
COR,20.733538,13.6924095,0.6603990838418412
CNP,26.337423,20.620192,0.78292367480296
CF,10.735135,11.350572,1.0573292278112945
SCHW,17.77336,12.384108,0.6967792246373223
CHTR,3.896104,3.2566617,0.8358764807099606
CMG,29.642202,23.80251,0.802993988098455
CB,11.516277,11.124838,0.9660099353289262
CHD,31.799341,24.10675,0.7580896094670642
CI,2.4694862,8.385395,3.3956031015682537
CINF,9.556064,18.190174,1.9035215754101271
CTAS,36.094936,31.525646,0.8734091120150483
CSCO,39.443333,24.816181,0.6291603450448774
C,15.6810875,10.125067,0.645686531626075
CFG,15.082939,9.925292,0.6580476126038831
CLX,15.647155,15.286833,0.9769720437996556
CME,24.128096,21.893755,0.907396712944113
CMS,20.554016,17.783957,0.865230279085119
KO,25.301886,23.096598,0.9128409637131398
CTSH,11.238611,8.410482,0.7483560023565189
COIN,66.180145,36.331745,0.548982553604257
CL,34.82558,22.2341,0.6384416282514175
CMCSA,4.9313726,6.597154,1.337792646209698
FIX,54.516933,35.95504,0.659520593353995
COP,19.757627,12.736522,0.6446382452710541
ED,18.161888,16.596218,0.9137936540518254
STZ,15.363164,11.845039,0.7710025747300491
CEG,26.223478,22.188557,0.8461332627197659
CPRT,20.90566,19.571592,0.936186276826467
CPAY,20.934729,11.422909,0.5456439870800334
COST,52.154446,44.48534,0.8529539360843753
CRH,18.944342,15.280712,0.8066108603824825
CCI,38.244728,30.607662,0.8003106205906341
CSX,28.595093,21.547977,0.7535550592543973
CMI,34.74026,20.028645,0.5765254779325198
DHR,33.49031,19.000864,0.5673540794337227
DRI,21.501057,17.92385,0.833626458457368
DVA,18.841042,11.382472,0.6041317672345298
DECK,15.874644,13.408542,0.8446515084054799
DE,29.944538,23.104214,0.7715668880915778
DELL,35.14746,20.416412,0.5808787320620039
DAL,11.589781,9.85429,0.8502567908746508
DVN,12.573816,8.422459,0.6698411206271827
DXCM,30.90558,23.529142,0.7613234244430941
DLR,51.507977,67.6189,1.3127850080386578
DG,15.125547,13.02651,0.8612257130271058
DLTR,15.77441,12.722421,0.8065227796158463
D,19.846607,17.64092,0.8888632701801372
DPZ,17.860762,14.814526,0.8294453506518926
DOV,26.925,18.605423,0.6910092107706591
DHI,13.671363,12.096952,0.8848387684534453
DTE,23.825369,17.316193,0.7267964244331325
DUK,19.226154,17.433895,0.9067801599841548
ETN,39.48384,25.641663,0.6494217127817355
EBAY,26.630486,17.046698,0.6401196733698363
ECL,34.355404,26.4805,0.7707812139248893
EIX,7.7434783,10.938005,1.4125441534458747
EW,47.31892,26.015556,0.5497918380216624
ELV,16.434322,13.2609625,0.8069065763710848
EME,28.906376,26.563066,0.9189344938985087
EMR,32.631943,19.70407,0.603827666651661
ETR,28.563776,22.283564,0.7801336910077995
EOG,13.39233,9.442098,0.7050377342852214
EQT,10.666034,12.08851,1.133365035213651
EFX,28.663733,15.843682,0.5527431475865338
EQIX,74.47339,56.05845,0.7527312775744465
EQR,26.452,42.293427,1.5988744518372902
ERIE,20.427656,15.922198,0.7794432214836593
ESS,31.221846,46.853905,1.500676961893925
EG,7.17332,5.8119855,0.8102225329415109
EVRG,22.36968,18.477795,0.8260196390829015
ES,14.925053,14.04534,0.941057964752286
EXC,16.860806,15.154258,0.8987860959909034
EXE,7.0349708,9.736793,1.3840559224496
EXPD,25.919355,23.555176,0.9087871206671616
EXR,32.284756,30.086422,0.9319079877822214
XOM,25.26307,14.259118,0.5644253845633171
FFIV,32.648026,22.710646,0.6956208010861055
FDS,14.859716,11.891814,0.8002719567453375
FICO,40.00921,23.264042,0.5814671671847557
FAST,39.336285,32.505283,0.8263434892237537
FRT,20.824957,38.87277,1.8666434701401784
FDX,21.367521,17.852776,0.8355099311707708
FIS,8.182171,6.192968,0.7568856725189439
FITB,16.77441,10.138628,0.604410408473383
FSLR,17.449903,11.5158825,0.6599396283177047
FE,25.347826,15.827015,0.624393389792087
FISV,9.425424,6.208344,0.6586806068352999
FTNT,51.922485,39.10887,0.7532164533342347
FTV,35.482353,18.755869,0.5285971029035194
FOXA,17.094736,11.434002,0.6688609873823146
FOX,15.284211,11.013913,0.7206072331767731
FCX,34.05291,17.262236,0.5069239603898757
GRMN,26.651398,23.104528,0.8669161745286307
IT,15.617211,10.29494,0.6592047709414953
GE,39.01861,36.243843,0.9288860623174428
GEHC,15.390887,11.969593,0.7777065090530519
GEV,31.327774,43.671993,1.3940343479239858
GD,21.702772,18.9927,0.8751278408122244
GIS,8.107579,10.171654,1.2545858634248277
GILD,18.194557,13.945083,0.7664425685110113
GL,10.840249,9.414635,0.8684888142329572
GDDY,14.103011,8.260213,0.5857056340663707
GS,18.174707,15.209428,0.83684584296187
HAL,22.696135,14.148685,0.6233962302392015
HIG,9.525686,9.391196,0.9858813318011953
HCA,13.513085,11.8419695,0.8763335315362849
DOC,62.593754,148.37038,2.3703703727371908
HSIC,22.326284,12.508421,0.5602553922542596
HSY,35.524162,19.30661,0.5434782669890988
HLT,49.436638,31.08951,0.6288758956464636
HD,22.039745,19.28075,0.8748172903089396
HON,36.95694,20.221977,0.5471767143058921
HRL,23.47191,13.389824,0.5704616283889977
HST,15.721088,23.11,1.4700000407096505
HWM,60.763344,43.71544,0.7194376925667554
HPQ,9.253788,8.207931,0.8869806613248542
HUBB,28.270254,21.9508,0.7764627795703569
HUM,32.23184,19.489132,0.6046546520459274
HBAN,12.353847,8.43514,0.6827945983141932
HII,20.854452,15.721986,0.7538911115957398
IBM,22.184956,18.632164,0.8398558013818013
IEX,31.232248,22.882257,0.7326484151893261
IDXX,41.001472,33.737732,0.8228419701614615
ITW,23.250696,20.573893,0.8848721345804014
INCY,13.714689,10.708492,0.7808045811319527
PODD,36.018738,19.084846,0.5298588195955116
IBKR,35.575108,29.026972,0.815934894702217
ICE,21.92722,17.149656,0.7821172040960962
IFF,23.489164,15.784678,0.6719982882319695
INTU,18.580587,11.170997,0.601218734370448
ISRG,52.990295,37.037163,0.6989423818078385
INVH,30.947369,44.26111,1.4302059086185972
IQV,20.149254,11.417955,0.5666688702221928
JBHT,41.557453,29.46435,0.7090027870572337
JBL,51.177658,26.061176,0.5092295548186281
JKHY,19.184359,19.423077,1.012443365973291
JNJ,26.703016,18.110092,0.6782039901410387
JCI,42.880733,24.586025,0.5733583192246271
JPM,14.676555,13.02409,0.8874078419629129
KVUE,20.821428,14.208076,0.6823775967719409
KDP,21.888887,11.705426,0.5347657009696289
KEY,13.355828,10.096981,0.7559981305539424
KEYS,57.37742,30.004148,0.522926056975026
KMB,19.104448,13.035863,0.6823470115441179
KIM,28.206898,28.701756,1.017543864624887
KMI,22.060402,21.505445,0.9748437494475396
KLAC,56.96375,40.344986,0.7082571986570406
LHX,34.072826,22.993742,0.6748410595587229
LH,22.912235,13.293318,0.5801842552679823
LRCX,61.113632,40.68376,0.6657067935350331
LVS,18.357933,13.521741,0.7365611912844436
LDOS,11.721866,9.7094145,0.8283164557588356
LEN,12.847483,11.764287,0.9156880768007243
LII,22.345932,18.818813,0.8421583400504395
LLY,37.86415,23.942705,0.6323317702893105
LIN,34.194553,26.127346,0.7640791795114269
LMT,25.8188,16.6064,0.6431902334732831
L,13.879134,37.617237,2.7103446800066924
LOW,17.927303,15.7408085,0.8780355026073917
LULU,9.604073,9.650345,1.004817955881843
MTB,12.091574,10.317982,0.853320006146429
MPC,16.319078,11.03796,0.6763838006044214
MAR,39.101463,28.565468,0.7305472943557124
MRSH,20.27159,14.31068,0.7059475847725807
MLM,35.212177,24.351774,0.6915725204948278
MAS,17.054457,14.648449,0.8589220401446965
MA,28.49769,21.656939,0.7599541927784323
MKC,7.67541,13.988354,1.8224894826465294
MCD,23.003296,19.639326,0.8537613914110396
MCK,19.65607,14.990976,0.7626639506269565
MDT,21.675978,12.807521,0.5908624284449818
META,22.250727,17.006153,0.7642965104016601
MTD,25.864958,21.477785,0.8303815919592833
MSFT,24.793205,21.5139,0.8677337197833035
MAA,39.557575,33.55784,0.848329049493049
MDLZ,30.316833,18.066868,0.595935202070744
MNST,42.231884,33.831398,0.801086638711169
MCO,32.40661,24.257227,0.7485271369020086
MS,18.275362,15.886938,0.8693090730569386
MSI,33.076553,22.196758,0.6710722849506114
MSCI,33.55302,26.209528,0.7811376740454362
NDAQ,27.373493,20.520462,0.7496471860569639
NTAP,23.313757,16.284985,0.6985139718150103
NFLX,28.283873,22.81628,0.8066886737894771
NEM,14.476006,9.756051,0.6739463219343789
NWSA,33.16456,20.300007,0.6120993916397504
NWS,37.911392,23.205542,0.6120994449372896
NEE,22.246193,19.955057,0.8970099737964153
NKE,29.565788,24.626547,0.8329406610099483
NI,23.781094,21.322721,0.8966248987536066
NDSN,30.751068,23.237112,0.755652193933557
NSC,27.0,23.68428,0.8771955555555556
NTRS,17.794764,14.315873,0.8044991773984752
NOC,17.460018,18.4645,1.0575304103352012
NCLH,13.790323,8.476845,0.6146951742899713
NUE,23.861967,15.223045,0.637962704415776
NVDA,32.953987,16.990715,0.5155890545201709
NVR,14.738999,14.36967,0.9749420567841819
NXPI,31.743322,18.870913,0.5944845029137152
ORLY,29.273617,24.86058,0.8492486596377892
ODFL,45.127083,34.997665,0.775535724301081
OKE,16.121212,14.633073,0.9076906252457941
ORCL,34.66068,24.034828,0.6934320965428261
OTIS,19.343086,15.415463,0.7969495146741322
PCAR,23.831917,16.53643,0.6938774585359625
PKG,26.545567,17.869427,0.6731604941796875
PH,31.983421,25.509407,0.7975821910983193
PAYX,20.927153,16.091635,0.7689356980378554
PYPL,8.285178,7.64441,0.9226609253295462
PNR,18.477386,12.656158,0.684953921512491
PEP,22.869701,15.925732,0.6963681772665065
PCG,12.7286825,9.109418,0.7156607135106088
PM,25.531645,19.873531,0.7783881923785169
PSX,17.164858,10.516301,0.6126646081196827
PNW,19.184702,18.433172,0.9608266002776586
PNC,12.830332,10.499223,0.81831265161338
POOL,16.76011,15.148444,0.9038391752798758
PPG,15.69341,12.645778,0.8058017983344601
PPL,22.159508,17.062847,0.7700011660908718
PFG,15.022956,10.253844,0.6825450330813723
PG,20.870073,20.162958,0.9661182306358007
PGR,10.116031,12.267644,1.2126933972424563
PLD,36.919598,43.24461,1.1713185501098902
PRU,10.568486,7.01237,0.6635169881475927
PEG,17.714602,17.047087,0.9623183744122505
PTC,13.917388,16.768053,1.2048275869006453
PSA,31.453512,30.117277,0.9575171446673427
PHM,11.396518,10.531838,0.924127702865033
QCOM,26.78364,23.393759,0.8734346414453003
DGX,21.289183,16.526857,0.7763030173586276
Q,52.916405,34.59228,0.6537156104992394
RL,25.266712,18.739067,0.741650397566569
RJF,14.365439,11.366422,0.7912338773635808
RTX,33.57786,23.669397,0.7049108251687273
O,51.188522,36.280087,0.7087543375446551
REG,27.14433,31.17464,1.1484770484296352
REGN,15.497436,11.802651,0.7615873361245047
RF,11.721992,9.894852,0.8441271756541039
RSG,29.663324,25.687695,0.8659749325463324
RMD,20.07529,17.050797,0.8493425001581546
HOOD,35.96602,27.108013,0.7537117812868924
ROK,47.383175,31.441923,0.6635672472349098
ROL,48.77064,38.03364,0.779847055523569
ROP,19.993757,13.404365,0.6704275239516015
ROST,32.776535,27.400072,0.8359660958670585
RCL,16.33374,13.381365,0.8192468473233933
SPGI,26.056854,18.576515,0.7129224042165643
CRM,22.958975,11.963926,0.5211001797771896
SBAC,21.234735,24.888927,1.1720855946636488
SLB,25.541851,17.299717,0.677308664904513
SRE,31.139456,16.534105,0.5309696161679895
SHW,29.870441,23.45898,0.7853576718201114
SPG,14.400835,30.056644,2.0871459189692816
SNA,19.220041,17.473585,0.9091335965412354
SOLV,9.335373,10.802504,1.1571582624497168
SO,24.063936,19.135496,0.7951939366860018
STT,16.093401,11.47446,0.712991616874519
STLD,26.819057,14.72452,0.5490319812512423
STE,27.272385,17.873554,0.655371871583655
SYK,36.22685,18.728765,0.5169857439992712
SMCI,19.526316,11.521631,0.5900565677621933
SYF,7.4430647,6.8581347,0.9214127481654163
SYY,20.922222,15.202955,0.7266415106387839
TMUS,20.330853,13.67764,0.6727528844953037
TROW,11.139485,10.778923,0.9676320763482333
TRGP,27.539797,22.587585,0.8201797929011605
TGT,16.569353,14.112652,0.8517322311860941
TEL,21.307457,16.511003,0.7748931747228212
TDY,31.82818,24.100819,0.7572163724096069
TER,72.33086,40.905186,0.5655288213080835
TXN,55.63185,34.43948,0.6190604842369974
TXT,17.687023,12.701597,0.7181308578611562
TMO,24.625273,16.417824,0.6667062736725802
TJX,30.928017,27.653208,0.8941151319206789
TKO,70.18283,40.34517,0.5748581241309306
TSCO,14.679803,12.877354,0.8772157228540465
TT,35.277523,27.103767,0.7683013061886459
TDG,38.264668,26.150751,0.6834176896556374
TRV,9.099701,10.678156,1.173462292881931
TFC,12.049505,9.498592,0.7882972786019011
TYL,42.457184,21.406406,0.5041880780411626
USB,11.57652,9.771134,0.8440476067073697
UBER,17.399504,16.153706,0.9284003727922359
UDR,25.870747,63.383327,2.449999878240856
ULTA,20.118519,16.290401,0.8097216798115209
UNP,22.312757,19.809216,0.8877977741612119
UAL,9.47406,7.4679637,0.7882537898218926
UPS,16.5,12.742491,0.7722721818181818
URI,24.601942,17.88479,0.7269665947509346
UNH,28.356659,18.076605,0.6374730182423818
UHS,6.5398746,6.148231,0.9401145092292749
VLO,17.649853,12.315937,0.6977926105106937
VEEV,29.089909,16.040096,0.5513972560037915
VTR,160.67273,104.37361,0.6496037628787411
VLTO,22.177835,18.501238,0.8342220058901151
VRSN,33.90718,28.807194,0.8495897918965836
VRSK,26.196945,19.820175,0.7565834489479594
VZ,11.82683,9.194527,0.7774295394454813
VRTX,25.855871,20.272768,0.7840682682861466
VICI,9.80137,9.751278,0.9948892858855445
V,28.439026,21.98378,0.7730145188516654
VST,27.472454,15.018367,0.5466700208143037
VMC,31.827219,24.800491,0.7792226835778521
WRB,14.264832,13.948825,0.9778471278175586
GWW,33.599247,24.80688,0.7383165462011694
WAB,36.93079,21.556732,0.5837062245351372
WMT,41.75,36.05014,0.8634764071856287
DIS,16.5248,13.780772,0.8339448586367159
WM,31.183792,23.302542,0.7472645405023225
WEC,22.643288,18.818808,0.831098734424082
WFC,11.981453,9.813776,0.8190806240278203
WELL,104.8702,64.91965,0.6190476417514222
WST,42.325306,33.095337,0.7819278849395679
WDC,31.39737,30.116835,0.959215214522745
WY,42.535713,34.175034,0.8034433089202007
WSM,22.264872,19.395758,0.8711371886620323
WMB,33.482456,29.692724,0.8868143961721326
WTW,15.044014,11.5681305,0.7689523886377665
WYNN,28.04298,17.980265,0.6411681283515518
XEL,23.27954,17.824635,0.7656781448430682
XYL,27.57568,18.238873,0.6614115408940052
YUM,24.800322,20.54524,0.828426340593481
ZTS,13.15246,10.793641,0.820655679621911
